{
  "genres": [
    "Action",
    "Adventure",
    "Comedy",
    "Drama",
    "Fantasy",
    "Sci\u2011Fi"
  ],
  "titles": [
    {
      "id": "bunny-warriors",
      "name": "Bunny Warriors",
      "year": 2024,
      "genres": [
        "Action",
        "Comedy"
      ],
      "poster": "",
      "description": "Goofy bunnies in over-the-top action.",
      "episodes": [
        {
          "id": "bw-ep1",
          "name": "Episode 1 \u2014 The Big Carrot",
          "duration": "00:09:56",
          "sources": [
            {
              "type": "mp4",
              "url": "https://commondatastorage.googleapis.com/gtv-videos-bucket/sample/BigBuckBunny.mp4"
            }
          ],
          "subtitles": [
            {
              "label": "English",
              "src": "subtitles/sample_en.vtt",
              "srclang": "en"
            }
          ]
        },
        {
          "id": "bw-ep2",
          "name": "Episode 2 \u2014 Forest Run",
          "duration": "00:10:00",
          "sources": [
            {
              "type": "hls",
              "url": "https://test-streams.mux.dev/x36xhzz/x36xhzz.m3u8"
            }
          ],
          "subtitles": []
        }
      ]
    },
    {
      "id": "steel-city",
      "name": "Steel City",
      "year": 2012,
      "genres": [
        "Drama",
        "Sci\u2011Fi"
      ],
      "poster": "",
      "description": "A team fights to reclaim their city.",
      "episodes": [
        {
          "id": "sc-ep1",
          "name": "Episode 1 \u2014 Arrival",
          "duration": "00:12:14",
          "sources": [
            {
              "type": "mp4",
              "url": "https://commondatastorage.googleapis.com/gtv-videos-bucket/sample/TearsOfSteel.mp4"
            }
          ],
          "subtitles": [
            {
              "label": "English",
              "src": "subtitles/sample_en.vtt",
              "srclang": "en"
            }
          ]
        }
      ]
    },
    {
      "id": "sintel-saga",
      "name": "Sintel Saga",
      "year": 2010,
      "genres": [
        "Adventure",
        "Fantasy"
      ],
      "poster": "",
      "description": "A girl on a quest to find a lost friend.",
      "episodes": [
        {
          "id": "si-ep1",
          "name": "Episode 1 \u2014 The Hunt",
          "duration": "00:14:48",
          "sources": [
            {
              "type": "hls",
              "url": "https://bitdash-a.akamaihd.net/content/sintel/hls/playlist.m3u8"
            },
            {
              "type": "mp4",
              "url": "https://commondatastorage.googleapis.com/gtv-videos-bucket/sample/Sintel.mp4"
            }
          ],
          "subtitles": [
            {
              "label": "English",
              "src": "subtitles/sample_en.vtt",
              "srclang": "en"
            }
          ]
        }
      ]
    }
  ]
}